model,feature,coefficient_standardized,coefficient_original_scale
Модель 1: исходные признаки,intercept,206408.3339705877,-3531800.4785379954
Модель 1: исходные признаки,longitude,-84054.49965765598,-42075.579063132434
Модель 1: исходные признаки,latitude,-89508.45779740115,-41921.27997795165
Модель 1: исходные признаки,housing_median_age,14871.12850824904,1186.481696399615
Модель 1: исходные признаки,total_rooms,-18905.243308068388,-8.679258278226841
Модель 1: исходные признаки,total_bedrooms,52145.51774938182,123.82495185686953
Модель 1: исходные признаки,population,-44322.40355730857,-38.66275405497895
Модель 1: исходные признаки,households,15857.528149330736,41.12658049331648
Модель 1: исходные признаки,median_income,77628.8904180767,40885.318314628996
Модель 2: исходные + синтетические,intercept,206408.33397058776,-3530304.9652709
Модель 2: исходные + синтетические,longitude,-81563.19096851579,-40828.492278397294
Модель 2: исходные + синтетические,latitude,-86167.65376998593,-40356.614644294124
Модель 2: исходные + синтетические,housing_median_age,14824.809750030645,1182.7861894449409
Модель 2: исходные + синтетические,total_rooms,3053.640105439713,1.4019037328417778
Модель 2: исходные + синтетические,total_bedrooms,10854.98937379184,25.776300526473136
Модель 2: исходные + синтетические,population,-47967.468830654965,-41.84237092741496
Модель 2: исходные + синтетические,households,38836.73805180064,100.72327909773482
Модель 2: исходные + синтетические,median_income,81983.30281988691,43178.68533510779
Модель 2: исходные + синтетические,rooms_per_household,7591.126867625115,2822.871084035963
Модель 2: исходные + синтетические,bedrooms_per_room,18155.166165099217,317769.5219394732
Модель 2: исходные + синтетические,population_per_household,1461.0429151664728,328.8263211493922
Модель 3: доход и возраст жилья,intercept,206408.33397058822,-11687.912673234183
Модель 3: доход и возраст жилья,median_income,82805.22744635826,43611.57378427836
Модель 3: доход и возраст жилья,housing_median_age,21745.772903480985,1734.969979563492
