model,feature,train_mean,train_std
Модель 1: исходные признаки,longitude,-119.55788088235293,1.997702741809831
Модель 1: исходные признаки,latitude,35.62097647058824,2.1351556499343007
Модель 1: исходные признаки,housing_median_age,28.601911764705882,12.533803558348653
Модель 1: исходные признаки,total_rooms,2637.2294117647057,2178.2095545531683
Модель 1: исходные признаки,total_bedrooms,539.2257352941176,421.1228590636347
Модель 1: исходные признаки,population,1431.5615441176471,1146.3850581953247
Модель 1: исходные признаки,households,501.1247794117647,385.57857130640264
Модель 1: исходные признаки,median_income,3.8630293235294118,1.8986984477090556
Модель 2: исходные + синтетические,longitude,-119.55788088235293,1.997702741809831
Модель 2: исходные + синтетические,latitude,35.62097647058824,2.1351556499343007
Модель 2: исходные + синтетические,housing_median_age,28.601911764705882,12.533803558348653
Модель 2: исходные + синтетические,total_rooms,2637.2294117647057,2178.2095545531683
Модель 2: исходные + синтетические,total_bedrooms,539.2257352941176,421.1228590636347
Модель 2: исходные + синтетические,population,1431.5615441176471,1146.3850581953247
Модель 2: исходные + синтетические,households,501.1247794117647,385.57857130640264
Модель 2: исходные + синтетические,median_income,3.8630293235294118,1.8986984477090556
Модель 2: исходные + синтетические,rooms_per_household,5.438677382508693,2.689151095335108
Модель 2: исходные + синтетические,bedrooms_per_room,0.21320566159650686,0.057133126091800907
Модель 2: исходные + синтетические,population_per_household,2.9878847144198453,4.443205489327883
Модель 3: доход и возраст жилья,median_income,3.8630293235294118,1.8986984477090556
Модель 3: доход и возраст жилья,housing_median_age,28.601911764705882,12.533803558348653
